Genero,Altura_in,Peso_lb,Altura_cm,Peso_kg,IMC,Clasificación_IMC
Masculino,68,150,172.72,68.0388,22.807169316760774,Peso Normal
Femenino,62,130,157.48,58.96696,23.77704755409511,Peso Normal
Masculino,70,175,177.8,79.3786,25.109607362071866,Sobrepeso
Femenino,65,145,165.1,65.77083999999999,24.128995476925862,Peso Normal
Masculino,72,180,182.88,81.64656,24.41211826868098,Peso Normal
Femenino,64,140,162.56,63.50288,24.030678920732843,Peso Normal
Masculino,74,190,187.96,86.18248,24.394286188134096,Peso Normal
Femenino,60,120,152.4,54.431039999999996,23.43563353793374,Peso Normal
